track_id,hashtag_cleaned
00835d4fe263db57fcff76aecdfe5741,80s retro fun brantford
f922b83f4b8d96330b27d9a4faa0e5d8,funk soulmusic
0000e47c1207e2c637a44753a713456f,rock pops 70s
012d01a3ebcf0d68f075abcd0603c407,jazz goodmusic lounge loungemusic ambient ambiance relaxing
f9db91da41ca6a8cd2cf83b03a9f7bc5,jazz bossanova
02d1e26198d42c2970a9dc2d9c0e3214,pocaradio reggae dub nl
00bc48e380213dc0702df638c2731432,hardrock heavymetal metal vivaelrock
02d6ae2b04a75676a87453892916ec83,bristol hiphop googleplay
faa2705bd84138b4fa365f26126143b2,classicalbum 70s folk vinyl
000359abe73f500143335921d078a7b0,tsgonair planet90 niurock radiocidadeoficial tocandonacidade chulada alaire usacchi betirakoabestiak radiopiero chilipeppers musique rdhp zsys grammy boringsville rhcp throwbackthursday blues musicfriday 90smusic kram967 unstunst tfg motherfucker tgif turnitup listenonline radiohead justloved tophits go2hugo domingoporlatarde sea_shepherd_radio radiobaro redhotchilipeppers turnodenoche renaciendo rocktime spreaker live 90s classic red estate2014 cosmoradioweb musicisl byhoursmusic last siguemeytesigo mmevh colneradio fuckfamily todddavis rogeryi viejitasconlulu atacalaradio featuredshow mondaymosh retro enjoy goodmusic freshlysqueezed aracityradio tocando brazil lasvegas musicsaturday missthe90smusic takemetotheplaceilove miercolesmood p90 realclassicrock
f8d9314ab625266f646b36431a061f20,progressiveradio savannah hiltonhead rheims orleans liverpool 883jia triplesongs thankedition wemm worldclassmusic dayton seattle calgary jazz healtyliving windbackwednesday police cop lagu albuquerqie santafe denver alaire renewsvu svubetterthanever tbt spreaker live chesapeake roanoke santabarbara dido loneliness bangor sacramento winnipeg noesmujersi megustacuando kram967 murcia fayetteville stpetersburg jackson antwerp indikaoskar soundsofjakarta tastyculinary didoofficial house deephouse listenonline spartanburg tasmania waco richmond pretoria rf101 radiofavara101 hartford utica burlington sandiego norwich amwriting tripesongs hermosabeach albuquerque newport norfolk pittsburgh thestory siguemeytesigo itsnotsobad berlin ger ulala edm freshradio freshoutthebox afternoonchill ottawa lagunabeach scranton bordeaux sanfernando sau niupop mp fortworth dublin bologna beverlyhills trance acoustic straysongs weekend muziek
